key,en,ru
page_title,Real Estate Dashboard,–î–∞—à–±–æ—Ä–¥ –ù–µ–¥–≤–∏–∂–∏–º–æ—Å—Ç–∏
navigation_title,Navigation,–ù–∞–≤–∏–≥–∞—Ü–∏—è
menu_apartment_info,Apartment & Realtor Info,–ò–Ω—Ñ–æ—Ä–º–∞—Ü–∏—è –æ–± –ê–ø–∞—Ä—Ç–∞–º–µ–Ω—Ç–∞—Ö –∏ –†–∏–µ–ª—Ç–æ—Ä–∞—Ö
menu_utilities,Utilities,–ö–æ–º–º—É–Ω–∞–ª—å–Ω—ã–µ –£—Å–ª—É–≥–∏
menu_reports,Generate Reports,–ì–µ–Ω–µ—Ä–∞—Ü–∏—è –û—Ç—á–µ—Ç–æ–≤
menu_communication,Client Communication,–ö–æ–º–º—É–Ω–∏–∫–∞—Ü–∏—è —Å –ö–ª–∏–µ–Ω—Ç–∞–º–∏
menu_settings,System & Settings,–°–∏—Å—Ç–µ–º–∞ –∏ –ù–∞—Å—Ç—Ä–æ–π–∫–∏
main_title,üè¢ Real Estate Business Dashboard,üè¢ –î–∞—à–±–æ—Ä–¥ –ë–∏–∑–Ω–µ—Å–∞ –ù–µ–¥–≤–∏–∂–∏–º–æ—Å—Ç–∏
apartment_header,üïµÔ∏è Apartment & Realtor Info,üïµÔ∏è –ò–Ω—Ñ–æ—Ä–º–∞—Ü–∏—è –æ–± –ê–ø–∞—Ä—Ç–∞–º–µ–Ω—Ç–∞—Ö –∏ –†–∏–µ–ª—Ç–æ—Ä–∞—Ö
apartment_input_label,Enter an Apartment Code:,–í–≤–µ–¥–∏—Ç–µ –ö–æ–¥ –ê–ø–∞—Ä—Ç–∞–º–µ–Ω—Ç–æ–≤:
apartment_input_placeholder,"e.g., POL72-046","–Ω–∞–ø—Ä–∏–º–µ—Ä, POL72-046"
apartment_button_get_details,Get Details,–ü–æ–ª—É—á–∏—Ç—å –î–µ—Ç–∞–ª–∏
apartment_actions_subheader,Actions for {ap_code},–î–µ–π—Å—Ç–≤–∏—è –¥–ª—è {ap_code}
apartment_button_calculate_utilities,üñ© Calculate Utilities,üñ© –†–∞—Å—Å—á–∏—Ç–∞—Ç—å –ö–æ–º–º—É–Ω–∞–ª—å–Ω—ã–µ –£—Å–ª—É–≥–∏
apartment_button_master_report,üìú Generate Master Report,üìú –°–≥–µ–Ω–µ—Ä–∏—Ä–æ–≤–∞—Ç—å –û—Å–Ω–æ–≤–Ω–æ–π –û—Ç—á–µ—Ç
apartment_button_email_log,üìß View Email Log,üìß –ü—Ä–æ—Å–º–æ—Ç—Ä–µ—Ç—å –ñ—É—Ä–Ω–∞–ª Email
apartment_details_subheader,Apartment Details,–î–µ—Ç–∞–ª–∏ –ê–ø–∞—Ä—Ç–∞–º–µ–Ω—Ç–æ–≤
apartment_client_location,##### Client & Location,##### –ö–ª–∏–µ–Ω—Ç –∏ –ú–µ—Å—Ç–æ–ø–æ–ª–æ–∂–µ–Ω–∏–µ
apartment_address,**Address:**,**–ê–¥—Ä–µ—Å:**
apartment_realtor,**Realtor:**,**–†–∏–µ–ª—Ç–æ—Ä:**
apartment_client_email,**Client Email:**,**Email –ö–ª–∏–µ–Ω—Ç–∞:**
apartment_client_phone,**Client Phone:**,**–¢–µ–ª–µ—Ñ–æ–Ω –ö–ª–∏–µ–Ω—Ç–∞:**
apartment_contract_rent,##### Contract & Rent,##### –î–æ–≥–æ–≤–æ—Ä –∏ –ê—Ä–µ–Ω–¥–∞
apartment_contract_start,**Contract Start:**,**–ù–∞—á–∞–ª–æ –î–æ–≥–æ–≤–æ—Ä–∞:**
apartment_contract_end,**Contract End:**,**–ö–æ–Ω–µ—Ü –î–æ–≥–æ–≤–æ—Ä–∞:**
apartment_rent,**Rent:**,**–ê—Ä–µ–Ω–¥–∞:**
apartment_deposit,**Deposit:**,**–ó–∞–ª–æ–≥:**
apartment_more_details,Show More Details,–ü–æ–∫–∞–∑–∞—Ç—å –ë–æ–ª—å—à–µ –î–µ—Ç–∞–ª–µ–π
apartment_financials,##### Financials,##### –§–∏–Ω–∞–Ω—Å—ã
apartment_rent_suggestion,**Rent Suggestion:**,**–ü—Ä–µ–¥–ª–æ–∂–µ–Ω–∏–µ –ø–æ –ê—Ä–µ–Ω–¥–µ:**
apartment_last_pay,**Last Pay:**,**–ü–æ—Å–ª–µ–¥–Ω–∏–π –ü–ª–∞—Ç–µ–∂:**
apartment_utility_pricing,##### Utility Pricing,##### –¶–µ–Ω—ã –Ω–∞ –ö–æ–º–º—É–Ω–∞–ª—å–Ω—ã–µ –£—Å–ª—É–≥–∏
apartment_electricity_price,**Electricity Price:**,**–¶–µ–Ω–∞ –≠–ª–µ–∫—Ç—Ä–∏—á–µ—Å—Ç–≤–∞:**
apartment_gas_price,**Gas Price:**,**–¶–µ–Ω–∞ –ì–∞–∑–∞:**
apartment_status_notes,##### Status & Notes,##### –°—Ç–∞—Ç—É—Å –∏ –ó–∞–º–µ—Ç–∫–∏
apartment_contract_status,**Contract Status:**,**–°—Ç–∞—Ç—É—Å –î–æ–≥–æ–≤–æ—Ä–∞:**
apartment_notes,**Notes:**,**–ó–∞–º–µ—Ç–∫–∏:**
apartment_not_found,Apartment with code `{ap_code}` not found.,–ê–ø–∞—Ä—Ç–∞–º–µ–Ω—Ç—ã —Å –∫–æ–¥–æ–º `{ap_code}` –Ω–µ –Ω–∞–π–¥–µ–Ω—ã.
utilities_header,üñ© Utilities Calculator,üñ© –ö–∞–ª—å–∫—É–ª—è—Ç–æ—Ä –ö–æ–º–º—É–Ω–∞–ª—å–Ω—ã—Ö –£—Å–ª—É–≥
utilities_input_label,Enter Apartment Code:,–í–≤–µ–¥–∏—Ç–µ –ö–æ–¥ –ê–ø–∞—Ä—Ç–∞–º–µ–Ω—Ç–æ–≤:
utilities_input_placeholder,"e.g., CLJ55-001","–Ω–∞–ø—Ä–∏–º–µ—Ä, CLJ55-001"
utilities_checkbox_include_rent,Include rent in the final calculation?,–í–∫–ª—é—á–∏—Ç—å –∞—Ä–µ–Ω–¥—É –≤ –∏—Ç–æ–≥–æ–≤—ã–π —Ä–∞—Å—á–µ—Ç?
utilities_button_calculate,Calculate Utilities,–†–∞—Å—Å—á–∏—Ç–∞—Ç—å –ö–æ–º–º—É–Ω–∞–ª—å–Ω—ã–µ –£—Å–ª—É–≥–∏
reports_header,üìú Generate Reports,üìú –ì–µ–Ω–µ—Ä–∞—Ü–∏—è –û—Ç—á–µ—Ç–æ–≤
reports_tab_master,Master Report,–û—Å–Ω–æ–≤–Ω–æ–π –û—Ç—á–µ—Ç
reports_tab_batch,Batch Report,–ü–∞–∫–µ—Ç–Ω—ã–π –û—Ç—á–µ—Ç
reports_master_input_label,Enter a single Apartment Code:,–í–≤–µ–¥–∏—Ç–µ –û–¥–∏–Ω –ö–æ–¥ –ê–ø–∞—Ä—Ç–∞–º–µ–Ω—Ç–æ–≤:
reports_master_input_placeholder,"e.g., POL72-046","–Ω–∞–ø—Ä–∏–º–µ—Ä, POL72-046"
reports_master_button,Generate Master Report,–°–≥–µ–Ω–µ—Ä–∏—Ä–æ–≤–∞—Ç—å –û—Å–Ω–æ–≤–Ω–æ–π –û—Ç—á–µ—Ç
reports_batch_input_label,Apartment Codes:,–ö–æ–¥—ã –ê–ø–∞—Ä—Ç–∞–º–µ–Ω—Ç–æ–≤:
reports_batch_input_placeholder,"POL72-046\nCLJ55-001\n...","POL72-046\nCLJ55-001\n..."
reports_batch_button,Generate Batch Report,–°–≥–µ–Ω–µ—Ä–∏—Ä–æ–≤–∞—Ç—å –ü–∞–∫–µ—Ç–Ω—ã–π –û—Ç—á–µ—Ç
communication_header,üìß Client Communication,üìß –ö–æ–º–º—É–Ω–∏–∫–∞—Ü–∏—è —Å –ö–ª–∏–µ–Ω—Ç–∞–º–∏
communication_tab_find_ap,Find AP Code by Email,–ù–∞–π—Ç–∏ –ö–æ–¥ AP –ø–æ Email
communication_tab_find_email,Find Email by AP Code,–ù–∞–π—Ç–∏ Email –ø–æ –ö–æ–¥—É AP
communication_find_ap_subheader,Find an Apartment Code using the client's email address,–ù–∞–π—Ç–∏ –ö–æ–¥ –ê–ø–∞—Ä—Ç–∞–º–µ–Ω—Ç–æ–≤ –ø–æ Email –ö–ª–∏–µ–Ω—Ç–∞
communication_find_ap_input_label,Enter Client Email:,–í–≤–µ–¥–∏—Ç–µ Email –ö–ª–∏–µ–Ω—Ç–∞:
communication_find_ap_input_placeholder,"e.g., client.name@email.com","–Ω–∞–ø—Ä–∏–º–µ—Ä, client.name@email.com"
communication_find_ap_button,Find by Email,–ù–∞–π—Ç–∏ –ø–æ Email
communication_find_email_subheader,Find a client's email address using the Apartment Code,–ù–∞–π—Ç–∏ Email –ö–ª–∏–µ–Ω—Ç–∞ –ø–æ –ö–æ–¥—É –ê–ø–∞—Ä—Ç–∞–º–µ–Ω—Ç–æ–≤
communication_find_email_input_label,Enter Apartment Code:,–í–≤–µ–¥–∏—Ç–µ –ö–æ–¥ –ê–ø–∞—Ä—Ç–∞–º–µ–Ω—Ç–æ–≤:
communication_find_email_input_placeholder,"e.g., POL72-046","–Ω–∞–ø—Ä–∏–º–µ—Ä, POL72-046"
communication_find_email_button,Find by AP Code,–ù–∞–π—Ç–∏ –ø–æ –ö–æ–¥—É AP
settings_header,‚öôÔ∏è System & Settings,‚öôÔ∏è –°–∏—Å—Ç–µ–º–∞ –∏ –ù–∞—Å—Ç—Ä–æ–π–∫–∏
settings_data_status,Data Status,–°—Ç–∞—Ç—É—Å –î–∞–Ω–Ω—ã—Ö
settings_sheets_loaded,Sheets Data Last Loaded,–î–∞–Ω–Ω—ã–µ –¢–∞–±–ª–∏—Ü –ü–æ—Å–ª–µ–¥–Ω–∏–π –†–∞–∑ –ó–∞–≥—Ä—É–∂–µ–Ω—ã
settings_folders_cached,Drive Folders Last Cached,–ü–∞–ø–∫–∏ –î–∏—Å–∫–∞ –ü–æ—Å–ª–µ–¥–Ω–∏–π –†–∞–∑ –ó–∞–∫—ç—à–∏—Ä–æ–≤–∞–Ω—ã
settings_current_settings,Current Settings,–¢–µ–∫—É—â–∏–µ –ù–∞—Å—Ç—Ä–æ–π–∫–∏
settings_update_settings,Update Settings,–û–±–Ω–æ–≤–∏—Ç—å –ù–∞—Å—Ç—Ä–æ–π–∫–∏
settings_select_setting,Select setting to change:,–í—ã–±–µ—Ä–∏—Ç–µ –ù–∞—Å—Ç—Ä–æ–π–∫—É –¥–ª—è –ò–∑–º–µ–Ω–µ–Ω–∏—è:
settings_enter_value,Enter new value for {key}:,–í–≤–µ–¥–∏—Ç–µ –ù–æ–≤–æ–µ –ó–Ω–∞—á–µ–Ω–∏–µ –¥–ª—è {key}:
settings_save_button,Save Setting,–°–æ—Ö—Ä–∞–Ω–∏—Ç—å –ù–∞—Å—Ç—Ä–æ–π–∫—É
settings_system_actions,System Actions,–°–∏—Å—Ç–µ–º–Ω—ã–µ –î–µ–π—Å—Ç–≤–∏—è
settings_sync_rate,üí∂ Sync EUR-RON Exchange Rate,üí∂ –°–∏–Ω—Ö—Ä–æ–Ω–∏–∑–∏—Ä–æ–≤–∞—Ç—å –ö—É—Ä—Å EUR-RON
settings_refresh_data,üîÑ Force Refresh All Sheet Data,üîÑ –ü—Ä–∏–Ω—É–¥–∏—Ç–µ–ª—å–Ω–æ –û–±–Ω–æ–≤–∏—Ç—å –í—Å–µ –î–∞–Ω–Ω—ã–µ –¢–∞–±–ª–∏—Ü
todo_header,‚úÖ Smart To-Do List,‚úÖ –£–º–Ω—ã–π –°–ø–∏—Å–æ–∫ –ó–∞–¥–∞—á
todo_date_range_header,Select Date Range,–í—ã–±–µ—Ä–∏—Ç–µ –î–∏–∞–ø–∞–∑–æ–Ω –î–∞—Ç
todo_from_date,From,–û—Ç
todo_to_date,To,–î–æ
todo_generate_button,üöÄ Generate List for Date Range,üöÄ –°–≥–µ–Ω–µ—Ä–∏—Ä–æ–≤–∞—Ç—å –°–ø–∏—Å–æ–∫
todo_manage_expander,‚ûï Manage List / Save Changes,‚ûï –£–ø—Ä–∞–≤–ª–µ–Ω–∏–µ –°–ø–∏—Å–∫–æ–º / –°–æ—Ö—Ä–∞–Ω–∏—Ç—å
todo_save_button,üíæ Save All Changes to Google Drive,üíæ –°–æ—Ö—Ä–∞–Ω–∏—Ç—å –í—Å–µ –ò–∑–º–µ–Ω–µ–Ω–∏—è –≤ Google Drive
todo_manual_add_label,AP Code to add manually:,–î–æ–±–∞–≤–∏—Ç—å –ö–æ–¥ –ê–ü –≤—Ä—É—á–Ω—É—é:
todo_manual_add_button,Add Code,–î–æ–±–∞–≤–∏—Ç—å
todo_filter_agent_header,Filter by Agent,–§–∏–ª—å—Ç—Ä –ø–æ –ê–≥–µ–Ω—Ç—É
todo_empty_list,Your to-do list is empty for the selected date range. Try generating a new list.,–í–∞—à —Å–ø–∏—Å–æ–∫ –∑–∞–¥–∞—á –ø—É—Å—Ç –¥–ª—è –≤—ã–±—Ä–∞–Ω–Ω–æ–≥–æ –¥–∏–∞–ø–∞–∑–æ–Ω–∞ –¥–∞—Ç. –ü–æ–ø—Ä–æ–±—É–π—Ç–µ —Å–≥–µ–Ω–µ—Ä–∏—Ä–æ–≤–∞—Ç—å –Ω–æ–≤—ã–π —Å–ø–∏—Å–æ–∫.
todo_no_tasks_for_agent,No tasks found for {agent} in the selected date range.,–î–ª—è {agent} –≤ –≤—ã–±—Ä–∞–Ω–Ω–æ–º –¥–∏–∞–ø–∞–∑–æ–Ω–µ –¥–∞—Ç –∑–∞–¥–∞—á–∏ –Ω–µ –Ω–∞–π–¥–µ–Ω—ã.
todo_tab_unpaid,üî¥ Unpaid ({count}),üî¥ –ù–µ–æ–ø–ª–∞—á–µ–Ω–Ω—ã–µ ({count})
todo_tab_checkouts,üö™ Check-outs ({count}),üö™ –í—ã–µ–∑–¥—ã ({count})
todo_tab_paid,üü¢ Recently Paid ({count}),üü¢ –ù–µ–¥–∞–≤–Ω–æ –û–ø–ª–∞—á–µ–Ω–Ω—ã–µ ({count})
todo_tab_manual,‚úçÔ∏è Manual ({count}),‚úçÔ∏è –î–æ–±–∞–≤–ª–µ–Ω–Ω—ã–µ –≤—Ä—É—á–Ω—É—é ({count})
todo_unpaid_empty,No unpaid rent tasks in this period.,–ù–µ—Ç –Ω–µ–æ–ø–ª–∞—á–µ–Ω–Ω—ã—Ö –∑–∞–¥–∞—á –ø–æ –∞—Ä–µ–Ω–¥–µ –≤ —ç—Ç–æ–º –ø–µ—Ä–∏–æ–¥–µ.
todo_checkouts_empty,No upcoming check-outs in this period.,–ù–µ—Ç –ø—Ä–µ–¥—Å—Ç–æ—è—â–∏—Ö –≤—ã–µ–∑–¥–æ–≤ –≤ —ç—Ç–æ–º –ø–µ—Ä–∏–æ–¥–µ.
todo_paid_empty,No recently paid tasks in this period.,–ù–µ—Ç –Ω–µ–¥–∞–≤–Ω–æ –æ–ø–ª–∞—á–µ–Ω–Ω—ã—Ö –∑–∞–¥–∞—á –≤ —ç—Ç–æ–º –ø–µ—Ä–∏–æ–¥–µ.
todo_manual_empty,No manually added tasks.,–ù–µ—Ç –∑–∞–¥–∞—á –¥–æ–±–∞–≤–ª–µ–Ω–Ω—ã—Ö –≤—Ä—É—á–Ω—É—é.
todo_item_remove,‚ùå Remove,‚ùå –£–¥–∞–ª–∏—Ç—å
todo_item_last_transaction,Last Transaction,–ü–æ—Å–ª–µ–¥–Ω—è—è –¢—Ä–∞–Ω–∑–∞–∫—Ü–∏—è
todo_item_last_ut,Last UT Reading,–ü–æ—Å–ª–µ–¥–Ω–∏–µ –ü–æ–∫–∞–∑–∞–Ω–∏—è
todo_item_notes,Notes:,–ó–∞–º–µ—Ç–∫–∏:
todo_item_mark_checked,‚úîÔ∏è Mark as Checked,‚úîÔ∏è –û—Ç–º–µ—Ç–∏—Ç—å –∫–∞–∫ –ü—Ä–æ–≤–µ—Ä–µ–Ω–Ω–æ–µ
todo_item_last_checked,Last checked,–ü–æ—Å–ª–µ–¥–Ω—è—è –ø—Ä–æ–≤–µ—Ä–∫–∞
todo_completed_expander,‚úÖ Recently Completed ({count}),‚úÖ –ù–µ–¥–∞–≤–Ω–æ –ó–∞–≤–µ—Ä—à–µ–Ω–Ω—ã–µ ({count})
todo_completed_empty,No tasks have been completed yet.,–ó–∞–≤–µ—Ä—à–µ–Ω–Ω—ã—Ö –∑–∞–¥–∞—á –ø–æ–∫–∞ –Ω–µ—Ç.
todo_action_required,Action Required,–¢—Ä–µ–±—É–µ—Ç—Å—è –î–µ–π—Å—Ç–≤–∏–µ
todo_all_completed,All unpaid tasks are completed for now.,–í—Å–µ –Ω–µ–æ–ø–ª–∞—á–µ–Ω–Ω—ã–µ –∑–∞–¥–∞—á–∏ –Ω–∞ –¥–∞–Ω–Ω—ã–π –º–æ–º–µ–Ω—Ç –≤—ã–ø–æ–ª–Ω–µ–Ω—ã.
todo_show_email,üìß Show Last Email Log,üìß –ü–æ–∫–∞–∑–∞—Ç—å –ü–æ—Å–ª–µ–¥–Ω–∏–π Email
todo_fetching_email,Fetching email log...,–ó–∞–≥—Ä—É–∑–∫–∞ –∂—É—Ä–Ω–∞–ª–∞ email...
todo_no_email_log,No email logs found for {ap_code}.,–î–ª—è {ap_code} –Ω–µ –Ω–∞–π–¥–µ–Ω–æ –∑–∞–ø–∏—Å–µ–π –≤ –∂—É—Ä–Ω–∞–ª–µ email.
todo_search_placeholder,Select an AP code to filter...,–í—ã–±–µ—Ä–∏—Ç–µ –∫–æ–¥ –ê–ü –¥–ª—è —Ñ–∏–ª—å—Ç—Ä–∞—Ü–∏–∏...
todo_filter_ap,üîç Filter by AP Code:,üîç –§–∏–ª—å—Ç—Ä –ø–æ –ö–æ–¥—É –ê–ü:
todo_manual_add_expander,‚ûï Manually Add an Apartment,‚ûï –î–æ–±–∞–≤–∏—Ç—å –ê–ø–∞—Ä—Ç–∞–º–µ–Ω—Ç—ã –í—Ä—É—á–Ω—É—é
menu_home,üè† Home,üè† –ì–ª–∞–≤–Ω–∞—è
home_header,üåü Welcome to your Dashboard,üåü –î–æ–±—Ä–æ –ø–æ–∂–∞–ª–æ–≤–∞—Ç—å –≤ –≤–∞—à –î–∞—à–±–æ—Ä–¥
home_subheader,"Select an option from the sidebar to get started.","–í—ã–±–µ—Ä–∏—Ç–µ –æ–ø—Ü–∏—é –≤ –±–æ–∫–æ–≤–æ–º –º–µ–Ω—é, —á—Ç–æ–±—ã –Ω–∞—á–∞—Ç—å."
todo_refresh_ut_button,‚ö° Refresh UT_DATA,‚ö° –û–±–Ω–æ–≤–∏—Ç—å UT_DATA
home_company_metrics_expander,Show Total Company Metrics,–ü–æ–∫–∞–∑–∞—Ç—å –û–±—â–∏–µ –ú–µ—Ç—Ä–∏–∫–∏ –ö–æ–º–ø–∞–Ω–∏–∏
home_metric_total_apartments,Total Apartments Managed,–í—Å–µ–≥–æ –ê–ø–∞—Ä—Ç–∞–º–µ–Ω—Ç–æ–≤ –≤ –£–ø—Ä–∞–≤–ª–µ–Ω–∏–∏
home_metric_active_contracts,Active Contracts,–ê–∫—Ç–∏–≤–Ω—ã–µ –ö–æ–Ω—Ç—Ä–∞–∫—Ç—ã
home_metric_total_rent,Total Monthly Rent,–û–±—â–∞—è –ú–µ—Å—è—á–Ω–∞—è –ê—Ä–µ–Ω–¥–∞
home_metric_checkouts,Check-outs (Next 30 Days),–í—ã–µ–∑–¥—ã (–°–ª–µ–¥—É—é—â–∏–µ 30 –¥–Ω–µ–π)
home_metrics_error,Could not calculate company metrics. Please check the APARTMENTS sheet structure.,–ù–µ —É–¥–∞–ª–æ—Å—å —Ä–∞—Å—Å—á–∏—Ç–∞—Ç—å –º–µ—Ç—Ä–∏–∫–∏ –∫–æ–º–ø–∞–Ω–∏–∏. –ü–æ–∂–∞–ª—É–π—Å—Ç–∞ –ø—Ä–æ–≤–µ—Ä—å—Ç–µ —Å—Ç—Ä—É–∫—Ç—É—Ä—É –ª–∏—Å—Ç–∞ APARTMENTS.
home_personal_header,Khrystyna Markin's Portfolio,–ü–æ—Ä—Ç—Ñ–æ–ª–∏–æ –ö—Ä–∏—Å—Ç–∏–Ω—ã –ú–∞—Ä–∫–∏–Ω
home_metric_your_contracts,Your Active Contracts,–í–∞—à–∏ –ê–∫—Ç–∏–≤–Ω—ã–µ –ö–æ–Ω—Ç—Ä–∞–∫—Ç—ã
home_metric_your_rent,Your Total Monthly Rent,–í–∞—à–∞ –û–±—â–∞—è –ú–µ—Å—è—á–Ω–∞—è –ê—Ä–µ–Ω–¥–∞
home_metric_your_checkouts,Your Check-outs (Next 30 Days),–í–∞—à–∏ –í—ã–µ–∑–¥—ã (–°–ª–µ–¥—É—é—â–∏–µ 30 –¥–Ω–µ–π)
home_personal_metrics_error,Could not calculate personal metrics for Khrystyna Markin.,–ù–µ —É–¥–∞–ª–æ—Å—å —Ä–∞—Å—Å—á–∏—Ç–∞—Ç—å –ø–µ—Ä—Å–æ–Ω–∞–ª—å–Ω—ã–µ –º–µ—Ç—Ä–∏–∫–∏ –¥–ª—è –ö—Ä–∏—Å—Ç–∏–Ω—ã –ú–∞—Ä–∫–∏–Ω.
home_action_items_header,Action Items for You,–í–∞—à–∏ –ó–∞–¥–∞—á–∏ –∫ –í—ã–ø–æ–ª–Ω–µ–Ω–∏—é
home_no_action_items,‚úÖ No urgent action items for you right now. Great job!,‚úÖ –°—Ä–æ—á–Ω—ã—Ö –∑–∞–¥–∞—á –¥–ª—è –≤–∞—Å —Å–µ–π—á–∞—Å –Ω–µ—Ç. –û—Ç–ª–∏—á–Ω–∞—è —Ä–∞–±–æ—Ç–∞!